StrainID1	ORF1	StrainID2	ORF2	DMstrainID	SM1strainID	SM2strainID	Annotation
sn370	YJL053W	dma2078	YHR012W	tm2494	tm3124	tm2809	PPI controls
sn1799	YAR003W	dma430	YBR258C	tm2656	tm3286	tm2971	PPI controls
sn1211	YHR119W	dma1195	YDR469W	tm2657	tm3287	tm2972	PPI controls
sn1471	YJL030W	dma1666	YGL086W	tm2658	tm3288	tm2973	PPI controls
sn1605	YPR023C	dma3677	YMR075W	tm2660	tm3411	tm2975	PPI controls
sn1828	YPR189W	dma1731	YGL213C	tm2661	tm3291	tm2976	PPI controls
sn208	YHR142W	dma2502	YJL099W	tm2662	tm3292	tm2977	PPI controls
sn4420	YLR172C	dma2901	YKL191W	tm2663	tm3293	tm2978	PPI controls
sn1471	YJL030W	dma2459	YJL013C	tm2666	tm3296	tm2981	PPI controls
sn1559	YLR200W	dma4055	YNL153C	tm2667	tm3413	tm2982	PPI controls
sn1196	YGL163C	dma885	YDR076W	tm2668	tm3298	tm2983	PPI controls
sn588	YOL117W	dma950	YDR179C	tm2669	tm3299	tm2984	PPI controls
sn1654	YDR004W	dma4760	YOR368W	tm2694	tm3324	tm3009	POMBE
sn1421	YOR368W	dma14	YAL015C	tm2695	tm3325	tm3010	POMBE
sn1476	YOR058C	dma2472	YJL030W	tm2696	tm3326	tm3011	POMBE
sn1828	YPR189W	dma579	YCR073W-A	tm2698	tm3328	tm3013	POMBE
sn1277	YAL015C	dma838	YDR004W	tm2700	tm3330	tm3015	POMBE
sn1605	YPR023C	dma2953	YKR048C	tm2705	tm3335	tm3020	POMBE
sn802	YMR015C	dma4209	YNR008W	tm3437	tm3332	tm3017	POMBE
sn4452	YHR144C	dma1761	YGL231C	tm2417	tm3047	tm2732	Tspace
sn199	YGR166W	dma2210	YHR181W	tm2418	tm3048	tm2733	Tspace
sn365	YIL005W	dma2914	YKL207W	tm2420	tm3050	tm2735	Tspace
sn390	YHL002W	dma3386	YLR360W	tm2421	tm3051	tm2736	Tspace
sn90	YLL023C	dma3612	YML103C	tm2422	tm3052	tm2737	Tspace
sn289	YHR193C	dma3680	YMR070W	tm2423	tm3053	tm2738	Tspace
sn354	YKL010C	dma3682	YMR067C	tm2424	tm3054	tm2739	Tspace
sn7	YJR125C	dma3963	YNL051W	tm2425	tm3055	tm2740	Tspace
sn295	YKL209C	dma3989	YNL078W	tm2426	tm3056	tm2741	Tspace
sn410	YLR119W	dma4161	YNL294C	tm2427	tm3057	tm2742	Tspace
sn405	YFR021W	dma4182	YNL325C	tm2428	tm3415	tm2743	Tspace
sn2	YKL051W	dma4349	YOL063C	tm2429	tm3059	tm2744	Tspace
sn59	YJL123C	dma4384	YOL111C	tm2430	tm3060	tm2745	Tspace
sn398	YLR085C	dma4446	YOR023C	tm2431	tm3061	tm2746	Tspace
sn2117	YNL314W	dma4455	YOR038C	tm2432	tm3062	tm2747	Tspace
sn467	YNR049C	dma4971	YPL259C	tm2433	tm3063	tm2748	Tspace
sn383	YMR004W	dma5083	YPR079W	tm2434	tm3064	tm2749	Tspace
tsq1260	YIL144W	dma1018	YDR254W	tm2435	tm3065	tm2750	Tspace
tsq887	YBR087W	dma1107	YDR386W	tm2436	tm3066	tm2751	Tspace
tsq495	YMR033W	dma1461	YER164W	tm2438	tm3068	tm2753	Tspace
tsq1013	YPR133C	dma1694	YGL161C	tm2439	tm3069	tm2754	Tspace
tsq131	YDL017W	dma2190	YHR154W	tm2441	tm3071	tm2756	Tspace
tsq228	YLR347C	dma2216	YHR167W	tm2442	tm3072	tm2757	Tspace
tsq908	YOR335C	dma2541	YJL147C	tm2443	tm3073	tm2758	Tspace
tsq727	YOL034W	dma258	YBR098W	tm2444	tm3074	tm2759	Tspace
tsq333	YGL155W	dma2676	YJR088C	tm2445	tm3075	tm2760	Tspace
tsq1204	YGR002C	dma2766	YKL038W	tm2447	tm3077	tm2762	Tspace
tsq212	YOR075W	dma3057	YLL038C	tm2448	tm3078	tm2763	Tspace
tsq742	YGL001C	dma3203	YLR102C	tm2449	tm3079	tm2764	Tspace
tsq747	YLR383W	dma3225	YLR135W	tm2450	tm3080	tm2765	Tspace
tsq572	YKL193C	dma3302	YLR263W	tm2451	tm3081	tm2766	Tspace
tsq119	YPL085W	dma3326	YLR292C	tm2453	tm3083	tm2768	Tspace
tsq878	YFL009W	dma3401	YLR368W	tm2454	tm3084	tm2769	Tspace
tsq353	YIR006C	dma3656	YMR036C	tm2456	tm3086	tm2771	Tspace
tsq203	YML130C	dma3711	YMR129W	tm2457	tm3087	tm2772	Tspace
tsq1188	YOR057W	dma3823	YMR234W	tm2458	tm3088	tm2773	Tspace
tsq47	YDR170C	dma3970	YNL041C	tm2459	tm3089	tm2774	Tspace
tsq1078	YLR305C	dma402	YBR229C	tm2460	tm3090	tm2775	Tspace
tsq354	YJL005W	dma4385	YOL110W	tm2461	tm3091	tm2776	Tspace
tsq139	YOR336W	dma4436	YOR009W	tm2462	tm3092	tm2777	Tspace
tsq600	YMR296C	dma4442	YOR027W	tm2463	tm3093	tm2778	Tspace
tsq546	YGL137W	dma4563	YOR164C	tm2464	tm3094	tm2779	Tspace
tsq697	YMR028W	dma4728	YOR313C	tm2465	tm3095	tm2780	Tspace
tsq1254	YLR459W	dma5108	YPR109W	tm2468	tm3098	tm2783	Tspace
tsq914	YPL160W	dma5142	YPR160W	tm2469	tm3099	tm2784	Tspace
tsq823	YFR051C	dma691	YDL099W	tm2471	tm3101	tm2786	Tspace
tsq446	YGL093W	tsa1002	YKL052C	tm2474	tm3104	tm2789	Tspace
tsq234	YLL050C	tsa1064	YBL041W	tm2475	tm3105	tm2790	Tspace
tsq623	YLR066W	tsa1187	YNL126W	tm2478	tm3108	tm2793	Tspace
tsq71	YFL008W	tsa293	YMR117C	tm2481	tm3111	tm2796	Tspace
tsq704	YDL145C	tsa422	YMR013C	tm2483	tm3113	tm2798	Tspace
tsq441	YDL058W	tsa852	YDL195W	tm2486	tm3116	tm2801	Tspace
tsq227	YGR179C	tsa86	YHR166C	tm2487	tm3117	tm2802	Tspace
tsq40	YFL045C	tsa896	YJL097W	tm2488	tm3118	tm2803	Tspace
sn293	YIL016W	tsa1039	YHR036W	tm2489	tm3119	tm2804	Tspace
sn410	YLR119W	dma1960	YGR206W	tm2492	tm3122	tm2807	Tspace
sn1275	YJL092W	dma1021	YDR279W	tm2503	tm3133	tm2818	Tspace
sn3113	YBR250W	dma1100	YDR363W	tm2505	tm3135	tm2820	Tspace
sn905	YER075C	dma2056	YHL029C	tm2512	tm3142	tm2827	Tspace
sn1800	YDR310C	dma2082	YHR004C	tm2513	tm3143	tm2828	Tspace
sn4526	YIL046W-A	dma2128	YHR079C-A	tm2514	tm3144	tm2829	Tspace
sn3552	YBL060W	dma2152	YHR114W	tm3427	tm3145	tm2830	Tspace
sn990	YDR162C	dma2179	YHR137W	tm2517	tm3147	tm2832	Tspace
sn2778	YDL203C	dma2249	YIL014W	tm2518	tm3148	tm2833	Tspace
sn1068	YGR225W	dma2325	YIL065C	tm2519	tm3149	tm2834	Tspace
sn4171	YER002W	dma2326	YIL064W	tm2520	tm3150	tm2835	Tspace
sn2995	YDR294C	dma2346	YIL101C	tm2521	tm3151	tm2836	Tspace
sn2056	YHR121W	dma2513	YJL124C	tm2522	tm3152	tm2837	Tspace
sn1902	YHR165C	dma2534	YJL154C	tm2523	tm3153	tm2838	Tspace
sn1340	YCR008W	dma2567	YJL170C	tm2525	tm3155	tm2840	Tspace
sn889	YGR202C	dma2575	YJL192C	tm2526	tm3156	tm2841	Tspace
sn1154	YHR156C	dma2630	YJR050W	tm2527	tm3157	tm2842	Tspace
sn1906	YLR018C	dma2663	YJR074W	tm2528	tm3158	tm2843	Tspace
sn4673	YER180C-A	dma2824	YKL101W	tm2529	tm3159	tm2844	Tspace
sn208	YHR142W	dma2836	YKL116C	tm2530	tm3160	tm2845	Tspace
sn919	YHR082C	dma2953	YKR048C	tm2534	tm3164	tm2849	Tspace
sn4187	YDL213C	dma3000	YKR060W	tm2535	tm3165	tm2850	Tspace
sn3567	YDR049W	dma3048	YLL014W	tm2537	tm3167	tm2852	Tspace
sn1153	YDR130C	dma3092	YLL049W	tm2538	tm3168	tm2853	Tspace
sn3476	YKL206C	dma3254	YLR199C	tm2541	tm3171	tm2856	Tspace
sn2546	YCL005W	dma3363	YLR329W	tm2542	tm3172	tm2857	Tspace
sn4661	YDR169C-A	dma3367	YLR325C	tm2543	tm3173	tm2858	Tspace
sn2659	YDL142C	dma3395	YLR348C	tm2544	tm3174	tm2859	Tspace
sn499	YER072W	dma3437	YLR410W	tm2545	tm3175	tm2860	Tspace
sn186	YGR284C	dma3523	YML012W	tm2547	tm3177	tm2862	Tspace
sn1642	YGL249W	dma3587	YML066C	tm2549	tm3179	tm2864	Tspace
sn1908	YAR002W	dma3609	YML107C	tm2550	tm3180	tm2865	Tspace
sn2402	YBR043C	dma3642	YMR026C	tm2551	tm3181	tm2866	Tspace
sn1785	YDR363W	dma3643	YMR025W	tm2552	tm3182	tm2867	Tspace
sn3416	YGR187C	dma3644	YMR023C	tm2553	tm3183	tm2868	Tspace
sn1206	YLR288C	dma3648	YMR019W	tm2554	tm3184	tm2869	Tspace
sn1406	YHL022C	dma3753	YMR152W	tm2555	tm3185	tm2870	Tspace
sn3868	YBR203W	dma3775	YMR174C	tm2556	tm3186	tm2871	Tspace
sn3547	YGL131C	dma3777	YMR173W	tm2557	tm3187	tm2872	Tspace
sn1715	YBR239C	dma3778	YMR172W	tm2558	tm3188	tm2873	Tspace
sn153	YMR140W	dma3898	YMR289W	tm2561	tm3191	tm2876	Tspace
sn1737	YJR082C	dma4040	YNL136W	tm2562	tm3192	tm2877	Tspace
sn1407	YGL175C	dma4131	YNL273W	tm2566	tm3196	tm2881	Tspace
sn2621	YDR316W	dma4244	YNR022C	tm2570	tm3200	tm2885	Tspace
sn3147	YDR210W	dma4318	YOL031C	tm2571	tm3201	tm2886	Tspace
sn732	YNL322C	dma4420	YOR002W	tm2573	tm3203	tm2888	Tspace
sn2059	YLR059C	dma4451	YOR017W	tm2574	tm3204	tm2889	Tspace
sn2020	YDL170W	dma4460	YOR032C	tm2575	tm3205	tm2890	Tspace
sn1344	YJR140C	dma4482	YOR064C	tm2576	tm3206	tm2891	Tspace
sn991	YBR086C	dma4494	YOR079C	tm2577	tm3207	tm2892	Tspace
sn223	YFL025C	dma4524	YOR085W	tm2578	tm3208	tm2893	Tspace
sn1414	YHR039C	dma4559	YOR132W	tm2579	tm3209	tm2894	Tspace
sn2119	YDR216W	dma4572	YOR142W	tm2580	tm3210	tm2895	Tspace
sn1471	YJL030W	dma4587	YOR195W	tm2581	tm3211	tm2896	Tspace
sn4518	YHR199C-A	dma4623	YOR216C	tm2582	tm3212	tm2897	Tspace
sn828	YLR299W	dma4651	YOR242C	tm2583	tm3213	tm2898	Tspace
sn1467	YMR055C	dma4659	YOR269W	tm2584	tm3214	tm2899	Tspace
sn1252	YOL090W	dma4760	YOR368W	tm2586	tm3216	tm2901	Tspace
sn584	YJR084W	dma4768	YPL003W	tm2587	tm3217	tm2902	Tspace
sn1047	YDR403W	dma4774	YOR382W	tm2588	tm3218	tm2903	Tspace
sn2812	YHR067W	dma4853	YPL115C	tm2592	tm3222	tm2907	Tspace
sn3889	YLR224W	dma4898	YPL170W	tm2593	tm3223	tm2908	Tspace
sn3353	YNL321W	dma4910	YPL183C	tm2596	tm3226	tm2911	Tspace
sn1312	YOR144C	dma4924	YPL194W	tm2597	tm3227	tm2912	Tspace
sn3825	YOR165W	dma4959	YPL244C	tm2598	tm3228	tm2913	Tspace
sn1048	YDR402C	dma5021	YPR007C	tm2600	tm3230	tm2915	Tspace
sn1728	YOR189W	dma5037	YPR017C	tm2601	tm3231	tm2916	Tspace
sn2035	YLR014C	dma5049	YPR031W	tm2603	tm3233	tm2918	Tspace
sn1643	YLR394W	dma5072	YPR065W	tm2604	tm3234	tm2919	Tspace
sn998	YPL196W	dma5077	YPR095C	tm2605	tm3235	tm2920	Tspace
sn3819	YOL155C	dma5087	YPR075C	tm2606	tm3236	tm2921	Tspace
sn268	YOR275C	dma5109	YPR106W	tm2607	tm3419	tm2922	Tspace
sn3863	YNL281W	dma5110	YPR098C	tm2608	tm3238	tm2923	Tspace
sn4431	YOR184W	dma5117	YPR129W	tm2609	tm3239	tm2924	Tspace
sn232	YPL147W	dma5146	YPR155C	tm2610	tm3240	tm2925	Tspace
sn1566	YPR066W	dma5150	YPR193C	tm2611	tm3241	tm2926	Tspace
sn1607	YOR113W	dma5167	YPR199C	tm2612	tm3242	tm2927	Tspace
sn1404	YER106W	dma5288	YFL003C	tm2613	tm3243	tm2928	Tspace
sn1673	YML088W	dma696	YDL091C	tm2616	tm3246	tm2931	Tspace
sn799	YCL027W	dma710	YDL135C	tm2617	tm3247	tm2932	Tspace
sn1586	YBL064C	dma807	YDL230W	tm2618	tm3248	tm2933	Tspace
sn3433	YCR095C	dma857	YDR067C	tm2619	tm3249	tm2934	Tspace
sn4222	YDL112W	dma909	YDR108W	tm2620	tm3250	tm2935	Tspace
tsq1424	YDR437W	dma1411	YER118C	tm2621	tm3251	tm2936	Tspace
tsq1335	YMR061W	dma1497	YFL028C	tm2623	tm3253	tm2938	Tspace
tsq1344	YHR101C	dma1945	YGR196C	tm2624	tm3423	tm2939	Tspace
tsq1304	YBR152W	dma2820	YKL074C	tm2627	tm3257	tm2942	Tspace
tsq1391	YLR196W	dma4139	YNL255C	tm2629	tm3425	tm2944	Tspace
tsq1306	YDR016C	dma55	YAL059W	tm2631	tm3261	tm2946	Tspace
tsq1290	YBR070C	tsa1166	YHR188C	tm2645	tm3275	tm2960	Tspace
sn2553	YDR379C-A	tsa493	YHR083W	tm2649	tm3279	tm2964	Tspace
sn607	YOR264W	dma4970	YPL260W	tm2706	tm3336	tm3021	Tspace
sn3377	YOR114W	dma4701	YOR304C-A	tm2707	tm3337	tm3022	Tspace
sn3492	YLR287C	dma4584	YOR166C	tm2708	tm3338	tm3023	Tspace
sn3612	YLR262C-A	dma5084	YPR078C	tm2709	tm3339	tm3024	Tspace
sn4508	YGR174W-A	dma2377	YIL161W	tm2711	tm3341	tm3026	Tspace
sn3799	YMR291W	dma4845	YPL099C	tm2712	tm3342	tm3027	Tspace
sn960	YGL203C	dma4282	YNR066C	tm2713	tm3343	tm3028	Tspace
sn1395	YHL024W	dma4806	YPL054W	tm2715	tm3345	tm3030	Tspace
sn1211	YHR119W	dma4336	YOL053W	tm2716	tm3346	tm3031	Tspace
sn4511	YHL015W-A	dma2909	YKL214C	tm2717	tm3347	tm3032	Tspace
sn631	YLR021W	dma4624	YOR215C	tm2718	tm3348	tm3033	Tspace
sn1981	YNL288W	dma4660	YOR268C	tm2719	tm3349	tm3034	Tspace
sn897	YBR030W	dma4448	YOR021C	tm2720	tm3350	tm3035	Tspace
sn107	YGR206W	dma3285	YLR220W	tm2721	tm3351	tm3036	Tspace
sn2696	YBR044C	dma1985	YGR234W	tm2722	tm3352	tm3037	Tspace
sn3650	YOR352W	dma5355	YPR118W	tm2723	tm3416	tm3038	Tspace
sn3616	YML108W	dma4790	YPL046C	tm2724	tm3354	tm3039	Tspace
sn515	YGL212W	dma3923	YMR315W	tm2726	tm3417	tm3041	Tspace
sn3656	YPL245W	dma5118	YPR128C	tm2728	tm3358	tm3043	Tspace
sn3732	YLR363W-A	dma2981	YKR056W	tm2729	tm3359	tm3044	Tspace
sn3256	YJL118W	dma1778	YGR007W	tm2730	tm3360	tm3045	Tspace
sn4585	YNL042W-B	dma3766	YMR160W	tm2731	tm3361	tm3046	Tspace
sn1973	YGL016W	dma1755	YGL241W	tm3426	tm3141	tm2826	Tspace
sn1231	YJR053W	dma4960	YPL241C	tm2599	tm3229	tm2914	Tspace
sn1961	YMR223W	dma-slow251	YKL054C	tm3435	tm3282	tm2967	Tspace
sn1016	YIL033C	dma1130	YDR422C	tm2506	tm3136	tm2821	Tspace
sn58	YLR351C	dma2512	YJL126W	tm2397	tm2357	tm2377	SSD
sn439	YGR086C	dma4767	YPL004C	tm2398	tm2358	tm2378	SSD
sn441	YJR032W	dma3266	YLR216C	tm2399	tm2359	tm2379	SSD
sn1541	YGL019W	dma4454	YOR039W	tm2402	tm2362	tm2382	SSD
sn3013	YJL212C	dma5172	YPR194C	tm2407	tm2367	tm2387	SSD
sn3426	YBR025C	dma2046	YHL014C	tm2409	tm2369	tm2389	SSD
sn3503	YMR253C	dma5012	YPL264C	tm2410	tm2370	tm2390	SSD
sn4249	YJR152W	dma3099	YLR004C	tm2411	tm2371	tm2391	SSD
sn4273	YBR249C	dma5224	YDR035W	tm2412	tm3412	tm2392	SSD
sn4289	YHR113W	dma2822	YKL103C	tm2414	tm2374	tm2394	SSD
sn4197	YKL081W	dma4810	YPL048W	tm2495	tm3125	tm2810	SSD
SN346	YML078W	DMA941	YDR155C	tm2496	tm3126	tm2811	SSD
sn2739	YCR105W	dma3918	YMR318C	tm2497	tm3127	tm2812	SSD
sn1745	YLL054C	DMA623	YCR106W	tm2671	tm3301	tm2986	SSD
sn2445	YJL172W	dma5334	YOL153C	tm2672	tm3302	tm2987	SSD
sn1192	YBR245C	dma4700	YOR304W	tm2673	tm3303	tm2988	SSD
sn2437	YFL041W	dma3663	YMR058W	tm2674	tm3304	tm2989	SSD
sn4304	YJL193W	dma4697	YOR307C	tm2675	tm3305	tm2990	SSD
sn2977	YFL053W	dma3584	YML070W	tm2676	tm3306	tm2991	SSD
sn2312	YDR256C	dma1852	YGR088W	tm2677	tm3307	tm2992	SSD
sn2906	YDR287W	dma2122	YHR046C	tm2678	tm3308	tm2993	SSD
sn2614	YHR179W	dma4920	YPL171C	tm2679	tm3309	tm2994	SSD
sn525	YJR058C	dma3231	YLR170C	tm2680	tm3310	tm2995	SSD
sn908	YBR015C	dma2557	YJL186W	tm2682	tm3312	tm2997	SSD
sn1656	YER095W	dma1474	YER179W	tm2683	tm3313	tm2998	SSD
sn867	YGL257C	dma4266	YNR059W	tm2684	tm3314	tm2999	SSD
sn2762	YEL070W	dma4277	YNR073C	tm2685	tm3315	tm3000	SSD
sn2443	YBR139W	dma3892	YMR297W	tm2686	tm3316	tm3001	SSD
SN3755	YOR387C	DMA1787	YGL258W	tm2687	tm3317	tm3002	SSD
sn2387	YBR294W	dma3188	YLR092W	tm2688	tm3318	tm3003	SSD
sn3892	YAL036C	dma1937	YGR173W	tm2689	tm3319	tm3004	SSD
sn4434	YDR399W	dma2734	YJR133W	tm2690	tm3320	tm3005	SSD
sn2765	YHR210C	dma4279	YNR071C	tm2692	tm3322	tm3007	SSD
sn198	YAR002C-A	dma1589	YGL002W	tm1	tm2201	tm2241	WGD
sn281	YDR492W	dma4370	YOL101C	tm10	tm2215	tm1239	WGD
sn1001	YIR037W	dma2752	YKL026C	tm100	tm449	tm1142	WGD
sn1347	YDR146C	dma3228	YLR131C	tm101	tm464	tm2301	WGD
sn795	YIL117C	dma3981	YNL058C	tm103	tm436	tm1145	WGD
sn1875	YMR182C	dma4965	YPL230W	tm104	tm489	tm1146	WGD
sn2316	YOR153W	dma1140	YDR406W	tm105	tm2179	tm2299	WGD
sn3288	YLR031W	dma3714	YMR124W	tm107	tm566	tm1149	WGD
sn4314	YMR222C	dma4673	YOR280C	tm108	tm596	tm1150	WGD
sn2639	YEL039C	dma2632	YJR048W	tm11	tm523	tm1240	WGD
sn2809	YLR284C	dma5206	YOR180C	tm110	tm532	tm1152	WGD
sn2384	YLL061W	dma5005	YPL274W	tm111	tm514	tm2247	WGD
sn3703	YJR039W	dma1277	YEL025C	tm112	tm580	tm1154	WGD
sn4469	YPL273W	dma3103	YLL062C	tm114	tm600	tm1156	WGD
sn4723	YKL093W	dma-slow307	YMR081C	tm116	tm606	tm1158	WGD
sn1331	YNL309W	dma4415	YOL131W	tm117	tm463	tm1159	WGD
sn2042	YLR266C	dma4580	YOR172W	tm118	tm495	tm1160	WGD
sn4707	YGR004W	dma3368	YLR324W	tm12	tm605	tm1241	WGD
sn2258	YOR222W	dma4866	YPL134C	tm122	tm505	tm1164	WGD
sn4507	YGR169C-A	NaN	YJR005C-A	tm123	tm602	tm1165	WGD
sn2280	YBR024W	dma-slow14	YBR037C	tm125	tm508	tm2303	WGD
sn3945	YDL082W	dma-slow323	YMR142C	tm126	tm587	tm1168	WGD
sn4490	YMR119W	dma3933	YNL008C	tm127	tm601	tm1169	WGD
sn4239	YCR073W-A	dma4257	YNR034W	tm128	tm593	tm1170	WGD
sn3186	YFR012W	dma4303	YOL019W	tm129	tm558	tm1171	WGD
sn1380	YMR198W	dma4975	YPL253C	tm131	tm467	tm1173	WGD
sn1536	YER129W	dma1726	YGL179C	tm132	tm471	tm1174	WGD
sn3509	YNR034W-A	NaN	YCR075W-A	tm135	tm570	tm1177	WGD
sn2848	YDL021W	dma4356	YOL056W	tm136	tm534	tm2325	WGD
sn2231	YGR197C	dma2627	YJR015W	tm138	tm504	tm1180	WGD
sn4693	YDR178W	dma3235	YLR164W	tm139	tm604	tm1181	WGD
sn2302	YMR177W	dma4947	YPL224C	tm14	tm509	tm1243	WGD
sn2779	YHR155W	dma4138	YNL257C	tm140	tm528	tm1182	WGD
sn3719	YGR283C	dma3904	YMR310C	tm141	tm582	tm1183	WGD
sn304	YPL112C	dma4588	YOR193W	tm142	tm415	tm1184	WGD
sn139	YBR014C	dma619	YDL010W	tm143	tm405	tm2305	WGD
sn2153	YDR277C	dma4470	YOR047C	tm146	tm500	tm1188	WGD
sn443	YBL075C	dma-slow154	YER103W	tm147	tm420	tm1189	WGD
sn4336	YOR375C	dma52	YAL062W	tm1498	tm611	tm2003	WGD
sn3333	YMR181C	dma4966	YPL229W	tm15	tm568	tm1244	WGD
sn925	YNL307C	dma4394	YOL128C	tm150	tm443	tm1192	WGD
sn659	YBR054W	dma5210	YDR033W	tm1500	tm613	tm355	WGD
sn722	YBR005W	dma839	YDR003W	tm1501	tm615	tm377	WGD
sn2299	YDR343C	dma2143	YHR094C	tm1504	tm633	tm381	WGD
sn3968	YER056C-A	dma2289	YIL052C	tm1507	tm640	tm382	WGD
sn2121	YKR034W	dma2497	YJL110C	tm1508	tm2187	tm383	WGD
sn3001	YHR001W	dma2923	YKR003W	tm1509	tm651	tm362	WGD
sn2955	YPL219W	NaN	YGL134W	tm151	tm546	tm1193	WGD
sn3440	YDR222W	dma3282	YLR225C	tm1511	tm2195	tm364	WGD
sn3160	YDR458C	dma3529	YML034W	tm1513	tm664	tm386	WGD
sn3775	YJR054W	dma3544	YML047C	tm1514	tm665	tm365	WGD
sn3217	YGR273C	dma3893	YMR295C	tm1518	tm676	tm392	WGD
sn2569	YHR003C	dma2751	YKL027W	tm152	tm521	tm1194	WGD
sn3448	YFR017C	dma4301	YOL024W	tm1520	tm683	tm367	WGD
sn1803	YLR270W	dma4579	YOR173W	tm1523	tm693	tm393	WGD
sn3914	YDR252W	dma4794	YPL037C	tm1526	tm703	tm370	WGD
sn560	YMR192W	dma4977	YPL249C	tm1528	tm712	tm371	WGD
sn2338	YGR121C	dma5135	YPR138C	tm1531	tm716	tm399	WGD
sn1534	YCL024W	dma-slow132	YDR507C	tm1532	tm720	tm372	WGD
sn1868	YMR153W	dma676	YDL088C	tm1533	tm721	tm373	WGD
sn2912	YCL050C	dma1247	YDR530C	tm1534	tm623	tm2002	WGD
sn2871	YJL137C	dma2979	YKR058W	tm1536	tm650	tm361	WGD
sn257	YDR093W	dma1460	YER166W	tm1537	tm628	tm379	WGD
sn1692	YJL105W	dma2948	YKR029C	tm154	tm480	tm1196	WGD
sn1115	YLR187W	dma4150	YNL278W	tm1543	tm1858	tm1981	WGD
sn571	YLL021W	dma3337	YLR313C	tm1545	tm2197	tm384	WGD
sn2753	YGR248W	dma2217	YHR163W	tm1547	tm637	tm1800	WGD
sn227	YDR122W	dma3184	YLR096W	tm155	tm2217	tm1197	WGD
sn1920	YDR259C	dma4441	YOR028C	tm1550	tm691	tm1984	WGD
sn1011	YAL028W	dma4719	YOR324C	tm1553	tm1860	tm1804	WGD
sn1911	YAL051W	dma4764	YOR363C	tm1554	tm1861	tm1805	WGD
sn1824	YBR066C	dma5221	YDR043C	tm1556	tm617	tm1807	WGD
sn1924	YBR182C	dma4829	YPL089C	tm1557	tm705	tm1985	WGD
sn3125	YCR026C	dma1282	YEL016C	tm1559	tm1863	tm1808	WGD
sn656	YJL079C	dma2939	YKR013W	tm156	tm425	tm1198	WGD
sn69	YDL204W	dma985	YDR233C	tm1561	tm1864	tm1791	WGD
sn657	YDR185C	dma3233	YLR168C	tm1562	tm657	tm1809	WGD
sn962	YDR251W	dma4798	YPL032C	tm1563	tm702	tm1810	WGD
sn2752	YDR368W	dma4544	YOR120W	tm1565	tm1865	tm1812	WGD
sn3667	YDR438W	dma3518	YML018C	tm1566	tm668	tm1986	WGD
sn625	YFR022W	dma4450	YOR018W	tm1568	tm690	tm1814	WGD
sn4003	YGR027C	dma3383	YLR333C	tm1569	tm1876	tm1827	WGD
sn2159	YIL156W	dma3019	YKR098C	tm157	tm501	tm1199	WGD
sn381	YGR141W	dma5144	YPR157W	tm1570	tm719	tm1987	WGD
sn3597	YHR132W-A	dma4051	YNL157W	tm1572	tm678	tm1816	WGD
sn2671	YJL116C	dma2959	YKR042W	tm1573	tm1866	tm1988	WGD
sn4473	YJR130C	NaN	YML082W	tm1574	tm673	tm1989	WGD
sn1744	YJR127C	NaN	YML081W	tm1575	tm672	tm1792	WGD
sn3704	YKL187C	dma3435	YLR413W	tm1576	tm666	tm1817	WGD
sn2986	YKR053C	dma2529	YJL134W	tm1578	tm2177	tm1793	WGD
sn754	YLR110C	dma933	YDR134C	tm1579	tm619	tm1991	WGD
sn773	YNL283C	dma4390	YOL105C	tm1580	tm688	tm1794	WGD
sn1156	YOR233W	dma4882	YPL141C	tm1581	tm706	tm1993	WGD
sn3070	YPL250C	dma3802	YMR195W	tm1583	tm675	tm1994	WGD
sn1325	YBR214W	dma1624	YGL056C	tm1587	tm2227	tm1998	WGD
sn876	YDR483W	dma4807	YPL053C	tm1588	tm704	tm1795	WGD
sn2360	YHR096C	dma1088	YDR345C	tm1589	tm620	tm1999	WGD
sn2074	YCL011C	dma3934	YNL004W	tm1590	tm679	tm1818	WGD
sn36	YMR237W	dma4682	YOR299W	tm1592	tm698	tm2000	WGD
sn1371	YBL009W	dma1598	YGL021W	tm1593	tm624	tm2006	WGD
sn1714	YBL054W	dma1385	YER088C	tm1594	tm484	tm1797	WGD
sn2999	YOR237W	dma4880	YPL145C	tm1597	tm708	tm2007	WGD
sn3818	YBL091C-A	dma1408	YER120W	tm1598	tm583	tm2001	WGD
sn719	YHR103W	dma1084	YDR351W	tm1599	tm1891	tm1841	WGD
sn1329	YKR028W	dma2503	YJL098W	tm160	tm462	tm1202	WGD
sn3010	YCR048W	dma4247	YNR019W	tm1600	tm1889	tm375	WGD
sn2724	YAL056W	dma4759	YOR371C	tm1601	tm1888	tm1831	WGD
sn1827	YOR076C	dma3008	YKR084C	tm1602	tm1879	tm1833	WGD
sn126	YKR027W	dma2502	YJL099W	tm1603	tm1897	tm1832	WGD
sn1590	YMR199W	dma4974	YPL256C	tm1604	tm1886	tm1834	WGD
sn2043	YMR037C	dma2773	YKL062W	tm1606	tm1895	tm1840	WGD
sn1207	YBR278W	dma2474	YJL065C	tm1607	tm1882	tm1826	WGD
sn494	YLR373C	dma1840	YGR071C	tm1608	tm1874	tm1825	WGD
sn159	YBR172C	dma4840	YPL105C	tm1612	tm406	tm1204	WGD
sn3860	YBR216C	dma1656	YGL060W	tm1613	tm585	tm1205	WGD
sn2262	YEL006W	dma2234	YIL006W	tm1614	tm506	tm1206	WGD
sn1194	YFR013W	dma4305	YOL017W	tm1615	tm1870	tm1823	WGD
sn3587	YGL082W	dma4926	YPL191C	tm1616	tm576	tm1207	WGD
sn1688	YHR146W	dma4063	YNL173C	tm1617	tm479	tm1208	WGD
sn3311	YLR456W	dma5160	YPR172W	tm1618	tm567	tm1209	WGD
sn3071	YDR475C	dma4449	YOR019W	tm1621	tm2211	tm353	WGD
sn1572	YKR095W	dma2386	YIL149C	tm1623	tm1878	tm1842	WGD
sn2998	YER096W	dma137	YBL061C	tm1624	tm1890	tm1839	WGD
sn726	YBR078W	dma842	YDR055W	tm1627	tm430	tm1211	WGD
sn2972	YBR001C	dma817	YDR001C	tm1628	tm548	tm2004	WGD
sn2953	YER059W	dma2290	YIL050W	tm1629	tm545	tm1212	WGD
sn123	YCR069W	dma4240	YNR028W	tm163	tm404	tm1270	WGD
sn865	YJL139C	dma2999	YKR061W	tm1630	tm438	tm1213	WGD
sn2148	YJL165C	dma2870	YKL168C	tm1631	tm499	tm1214	WGD
sn1105	YDR505C	dma3248	YLR177W	tm1632	tm456	tm1215	WGD
sn2947	YHR047C	dma2880	YKL157W	tm1636	tm543	tm1219	WGD
sn943	YJL164C	dma2872	YKL166C	tm1637	tm445	tm1220	WGD
sn4724	YKL148C	dma2465	YJL045W	tm1638	tm607	tm1221	WGD
sn3610	YKR077W	dma4480	YOR066W	tm1639	tm577	tm352	WGD
sn3009	YLL012W	dma3111	YLR020C	tm164	tm550	tm2249	WGD
sn2976	YML100W	dma3872	YMR261C	tm1640	tm549	tm1223	WGD
sn1587	YDR453C	dma3534	YML028W	tm1642	tm473	tm1225	WGD
sn4346	YLR432W	dma3572	YML056C	tm1643	tm599	tm1226	WGD
sn3031	YML118W	dma3899	YMR285C	tm1644	tm551	tm1227	WGD
sn937	YNL298W	dma4382	YOL113W	tm1645	tm444	tm1228	WGD
sn582	YDR379W	dma4539	YOR127W	tm1646	tm422	tm1229	WGD
sn247	YHR108W	dma1103	YDR358W	tm1647	tm2193	tm1230	WGD
sn2024	YKR036C	dma2519	YJL112W	tm1649	tm1887	tm1836	WGD
sn1384	YDR273W	dma4474	YOR042W	tm165	tm466	tm1272	WGD
sn1004	YCL035C	dma1235	YDR513W	tm166	tm450	tm2315	WGD
sn1040	YDR085C	dma1442	YER158C	tm167	tm451	tm1280	WGD
sn3653	YPL137C	dma4639	YOR227W	tm168	tm578	tm1281	WGD
sn469	YEL060C	dma4419	YOR003W	tm169	tm421	tm1282	WGD
sn1479	YJR091C	dma5044	YPR042C	tm170	tm468	tm1283	WGD
sn3272	YKL105C	dma3695	YMR086W	tm172	tm563	tm1285	WGD
sn3240	YIL151C	dma3021	YKR096W	tm1729	tm652	tm1995	WGD
sn3665	YGR213C	dma3138	YLR046C	tm173	tm579	tm1286	WGD
sn4683	YBL089W	dma1410	YER119C	tm174	tm603	tm1287	WGD
sn1054	YHR139C	dma-slow327	YNL160W	tm175	tm452	tm1288	WGD
sn4726	YKR078W	dma4477	YOR069W	tm177	tm608	tm1290	WGD
sn2934	YDL079C	dma3725	YMR139W	tm178	tm541	tm1291	WGD
sn758	YCL048W	dma1229	YDR522C	tm19	tm2185	tm1248	WGD
sn374	YBL069W	dma1398	YER101C	tm2	tm416	tm1233	WGD
sn2415	YGR008C	dma3365	YLR327C	tm2055	tm518	tm1293	WGD
sn1399	YOL091W	dma306	YBR148W	tm2056	tm2069	tm2066	WGD
sn1368	YPL130W	dma4625	YOR214C	tm2058	tm2071	tm2068	WGD
sn55	YDR304C	dma2116	YHR057C	tm22	tm401	tm1249	WGD
sn901	YNL053W	dma2362	YIL113W	tm23	tm441	tm1250	WGD
sn1060	YER132C	dma1720	YGL197W	tm24	tm453	tm1251	WGD
sn1088	YJL084C	dma2931	YKR021W	tm25	tm454	tm1274	WGD
sn1263	YDR263C	dma4459	YOR033C	tm26	tm460	tm1252	WGD
sn1632	YDR096W	dma-slow149	YER169W	tm27	tm476	tm1253	WGD
sn1619	YHR206W	dma2725	YJR147W	tm29	tm475	tm1255	WGD
sn3107	YBR147W	dma4375	YOL092W	tm3	tm555	tm1234	WGD
sn2387	YBR294W	dma3188	YLR092W	tm32	tm515	tm1257	WGD
sn724	YGR023W	dma3384	YLR332W	tm3363	tm428	tm2229	WGD
sn1504	YKR091W	dma4490	YOR083W	tm3364	tm469	tm2233	WGD
sn822	YDR309C	dma2114	YHR061C	tm3366	tm632	tm2237	WGD
sn1694	YKL072W	dma3668	YMR053C	tm3367	tm481	tm2239	WGD
sn3275	YKL121W	dma3686	YMR102C	tm3368	tm564	tm2323	WGD
sn790	YGR238C	dma2186	YHR158C	tm3370	tm2203	tm1191	WGD
sn2543	YBL059W	dma1403	YER093C-A	tm3375	tm621	tm357	WGD
sn1176	YGR049W	dma3388	YLR356W	tm3376	tm458	tm1144	WGD
sn1502	YOR247W	dma4904	YPL163C	tm3377	tm709	tm1992	WGD
sn2366	YKL220C	dma3091	YLL051C	tm3378	tm1867	tm1990	WGD
sn2372	YML116W	dma3881	YMR279C	tm3380	tm513	tm2255	WGD
sn2800	YBR183W	dma4831	YPL087W	tm3381	tm531	tm2257	WGD
sn2065	YKR052C	dma2530	YJL133W	tm3382	tm1894	tm2261	WGD
sn1998	YBL005W	dma1605	YGL013C	tm3390	tm493	tm2277	WGD
sn904	YBL056W	dma5257	YER089C	tm3391	tm1869	tm2279	WGD
sn1919	YIR018W	dma4298	YOL028C	tm3392	tm684	tm2285	WGD
sn3570	YDR132C	dma3200	YLR108C	tm3393	tm573	tm2287	WGD
sn1164	YGL096W	dma4916	YPL177C	tm3394	tm1859	tm2289	WGD
sn3269	YKL050C	dma3638	YMR031C	tm3395	tm562	tm2291	WGD
sn2527	YGR243W	dma2218	YHR162W	tm3397	tm697	tm2295	WGD
sn1365	YGR230W	dma2192	YHR152W	tm3404	tm2070	tm2231	WGD
sn711	YBL043W	dma2703	YJR115W	tm3405	tm427	tm1130	WGD
sn2105	YER045C	dma2279	YIL036W	tm3406	tm2209	tm2253	WGD
sn3258	YJL181W	dma2620	YJR030C	tm3408	tm561	tm2333	WGD
sn734	YDR077W	dma1448	YER150W	tm3410	tm627	tm2283	WGD
sn2686	YDR147W	dma3227	YLR133W	tm35	tm527	tm1258	WGD
sn2858	YLR174W	dma3932	YNL009W	tm36	tm535	tm1259	WGD
sn3457	YHR131C	dma4035	YNL144C	tm37	tm569	tm1260	WGD
sn3578	YER067W	dma2284	YIL057C	tm38	tm575	tm1261	WGD
sn71	YBR273C	dma2462	YJL048C	tm4	tm402	tm2319	WGD
sn4297	YBR241C	dma1661	YGL104C	tm41	tm2213	tm1263	WGD
sn725	YDR125C	dma3204	YLR099C	tm42	tm429	tm1264	WGD
sn672	YGR041W	dma3390	YLR353W	tm43	tm426	tm2313	WGD
sn750	YIL085C	dma3955	YNL029C	tm44	tm431	tm1266	WGD
sn2120	YDR151C	dma3224	YLR136C	tm46	tm498	tm1217	WGD
sn650	YGR136W	dma5147	YPR154W	tm47	tm423	tm1090	WGD
sn3066	YCL036W	dma1234	YDR514C	tm5	tm553	tm1236	WGD
sn1173	YDL127W	dma751	YDL179W	tm51	tm457	tm1094	WGD
sn2414	YDL130W-A	dma749	YDL181W	tm52	tm517	tm1095	WGD
sn2106	YPR008W	dma1712	YGL166W	tm54	tm497	tm1097	WGD
sn1708	YPR115W	dma1870	YGR097W	tm55	tm482	tm1098	WGD
sn1103	YFR023W	dma2099	YHR015W	tm56	tm455	tm1099	WGD
sn2930	YER054C	dma2270	YIL045W	tm57	tm2205	tm1100	WGD
sn3854	YER064C	dma2285	YIL056W	tm58	tm584	tm1101	WGD
sn3115	YBR270C	dma2479	YJL058C	tm59	tm556	tm1102	WGD
sn2796	YCL040W	dma1233	YDR516C	tm6	tm529	tm1237	WGD
sn2899	YEL047C	dma2652	YJR051W	tm60	tm538	tm1103	WGD
sn752	YHR030C	dma2876	YKL161C	tm61	tm432	tm1104	WGD
sn3179	YFL042C	dma3166	YLR072W	tm62	tm557	tm1105	WGD
sn194	YFL048C	dma3162	YLR080W	tm63	tm2207	tm1106	WGD
sn2876	YFR015C	dma3306	YLR258W	tm64	tm2183	tm1107	WGD
sn1350	YDL155W	dma3270	YLR210W	tm65	tm465	tm1108	WGD
sn81	YKL065C	dma3652	YMR040W	tm66	tm403	tm1109	WGD
sn3276	YKL133C	dma3699	YMR115W	tm67	tm565	tm1110	WGD
sn1277	YAL015C	dma4310	YOL043C	tm72	tm461	tm1115	WGD
sn2797	YDR272W	dma4453	YOR040W	tm74	tm530	tm2321	WGD
sn3064	YAL034C	dma4737	YOR338W	tm75	tm552	tm1118	WGD
sn3554	YBR197C	dma-slow394	YPL077C	tm76	tm572	tm1119	WGD
sn2265	YBR104W	dma5056	YPR058W	tm78	tm507	tm1121	WGD
sn957	YML111W	dma3884	YMR275C	tm79	tm447	tm1122	WGD
sn3707	YNL195C	dma812	YDL223C	tm84	tm948	tm1126	WGD
sn2836	YBR020W	dma833	YDR009W	tm85	tm533	tm2327	WGD
sn378	YGR239C	dma2220	YHR160C	tm86	tm417	tm1128	WGD
sn1928	YDR423C	dma3505	YML007W	tm9	tm491	tm1275	WGD
sn3205	YGR035C	dma3396	YLR346C	tm90	tm560	tm1132	WGD
sn2651	YIL111W	dma3962	YNL052W	tm91	tm526	tm1133	WGD
sn2326	YCR010C	dma4191	YNR002C	tm92	tm511	tm1134	WGD
sn781	YCR089W	dma5336	YNR044W	tm93	tm434	tm1135	WGD
sn2649	YBR177C	dma4825	YPL095C	tm94	tm525	tm1136	WGD
sn992	YMR175W	dma4948	YPL223C	tm95	tm448	tm1137	WGD
sn2404	YGR138C	dma5145	YPR156C	tm97	tm516	tm1139	WGD
sn1672	YJL047C	dma429	YBR259W	tm98	tm478	tm1140	WGD
sn403	YDR200C	dma5236	YLR238W	tm45	tm418	tm1218	WGD
