S9	E
S11	E
S132	E
S298	E
S376	E
S377	E
S379	E
S378	E
S382	E
S383	E
S381	E
S322	E
S329	E
S328	E
S241	E
S239	E
S240	E
S304	E
S306	E
S320	E
S317	E
S316	E
S305	E
S313	E
S314	E
S301	E
S312	E
S302	E
S310	E
S321	E
S309	E
S315	E
S308	E
S18	E
S19	E
S7	E
S15	E
S13	E
S21	E
S8	E
S17	E
S20	E
S23	E
S128	E
S125	E
S126	E
S127	E
S136	E
S149	E
S151	E
S254	E
S255	E
S130	E
S249	E
S250	E
S371	E
S361	E
S370	E
S363	E
S368	E
S135	E
S131	E
S153	E
S248	E
S353	E
S357	E
S362	E
S358	E
S367	E
S365	E
S92	E
S93	E
S94	E
S95	E
S96	E
S188	E
S189	E
S190	E
S191	E
S192	E
S387	E
S388	E
S385	E
S391	E
S390	E
S16	E
S3	E
S1	E
S14	E
S5	E
S6	E
S2	E
S22	E
S154	E
S12	E
S91	E
S152	E
S111	E
S150	E
S134	E
S187	E
S157	E
S242	E
S243	E
S244	E
S297	E
S318	E
S295	E
S296	E
S319	E
S330	E
S327	E
S294	E
S384	E
S369	E
S380	E
S354	E
S366	E
S356	E
S386	E
S360	E
S392	E
S359	E
S389	E
S4	E
S133	E
S364	E
S10	E
S129	E
S311	E
S355	E
S155	E
S307	E
S137	E
S300	E
S303	E
S44	N
S53	N
S266	N
S267	N
S270	N
S326	N
S179	N
S178	N
S173	N
S204	N
S185	N
S198	N
S186	N
S202	N
S199	N
S175	N
S197	N
S226	N
S216	N
S234	N
S225	N
S212	N
S230	N
S210	N
S283	N
S32	N
S28	N
S25	N
S27	N
S33	N
S54	N
S60	N
S51	N
S68	N
S62	N
S55	N
S39	N
S48	N
S41	N
S57	N
S69	N
S64	N
S50	N
S43	N
S63	N
S42	N
S79	N
S101	N
S86	N
S72	N
S109	N
S85	N
S77	N
S107	N
S100	N
S80	N
S74	N
S84	N
S110	N
S73	N
S103	N
S105	N
S99	N
S83	N
S97	N
S81	N
S102	N
S113	N
S115	N
S148	N
S156	N
S146	N
S161	N
S252	N
S159	N
S299	N
S287	N
S290	N
S291	N
S288	N
S292	N
S289	N
S116	N
S40	N
S24	N
S346	N
S52	N
S78	N
S108	N
S112	N
S106	N
S162	N
S114	N
S118	N
S119	N
S120	N
S124	N
S139	N
S140	N
S141	N
S142	N
S143	N
S144	N
S158	N
S170	N
S174	N
S194	N
S193	N
S196	N
S209	N
S245	N
S214	N
S123	N
S218	N
S277	N
S264	N
S282	N
S257	N
S286	N
S258	N
S256	N
S284	N
S278	N
S262	N
S273	N
S251	N
S265	N
S165	N
S352	N
S342	N
S343	N
S335	N
S345	N
S339	N
S338	N
S334	N
S76	N
S59	N
S394	N
S38	N
S31	N
S29	N
S30	N
S26	N
S34	N
S46	N
S37	N
S45	N
S47	N
S36	N
S117	N
S121	N
S122	N
S65	N
S58	N
S88	N
S49	N
S66	N
S98	N
S82	N
S71	N
S61	N
S90	N
S70	N
S87	N
S89	N
S138	N
S145	N
S67	N
S75	N
S104	N
S169	N
S211	N
S208	N
S182	N
S183	N
S176	N
S205	N
S177	N
S180	N
S195	N
S163	N
S206	N
S171	N
S203	N
S215	N
S219	N
S220	N
S167	N
S213	N
S200	N
S168	N
S172	N
S201	N
S181	N
S217	N
S160	N
S235	N
S272	N
S280	N
S222	N
S268	N
S279	N
S229	N
S271	N
S232	N
S261	N
S221	N
S260	N
S224	N
S259	N
S253	N
S247	N
S237	N
S228	N
S275	N
S223	N
S238	N
S276	N
S231	N
S274	N
S246	N
S236	N
S347	N
S340	N
S325	N
S285	N
S293	N
S281	N
S344	N
S333	N
S331	N
S323	N
S348	N
S341	N
S349	N
S332	N
S350	N
S351	N
S324	N
S336	N
S374	N
S393	N
S372	N
S373	N
S233	N
S207	N
S269	N
S184	N
S227	N
S375	N
S147	N
S35	N
S56	N
S166	N
S337	N
S263	N
S164	N
